title,video_url,views,video_age,CLEAN_VIEMS,date_published
How To Upgrade a Production App to .NET 8,https://www.youtube.com/watch?v=DjeJyyIdWi8,2.8K views,2 days ago,2800,2023-12-11
Why Is Microsoft Retiring Visual Studio for Mac?,https://www.youtube.com/watch?v=beXH4ezBUi0,18K views,6 days ago,18000,2023-12-07
Primary Constructors in .NET 8,https://www.youtube.com/watch?v=y3--fmLLmQA,15K views,9 days ago,15000,2023-12-04
How Do I Establish Best Practices for a Team of Developers?,https://www.youtube.com/watch?v=mJ3ECU91whI,3.4K views,13 days ago,3400,2023-11-30
.NET 8 Adds Shuffle to Random for Arrays and Spans,https://www.youtube.com/watch?v=hsrfLtu_cVk,5.3K views,2 weeks ago,5300,2023-11-29
Dependency Injection Updates in .NET - Keyed Implementations,https://www.youtube.com/watch?v=mTRvRZmlHT4,16K views,2 weeks ago,16000,2023-11-29
How Do I Start My Job Well? What Do I do First?,https://www.youtube.com/watch?v=tgifGuTZQgY,3.9K views,2 weeks ago,3900,2023-11-29
Data Annotation Updates in .NET 8,https://www.youtube.com/watch?v=SCDiuvK-GI8,10K views,3 weeks ago,10000,2023-11-22
Why Can't I Get A Job As A Software Developer?,https://www.youtube.com/watch?v=ZH_5VekH5A4,7.1K views,3 weeks ago,7100,2023-11-22
"Intro to Blazor in .NET 8 - SSR, Stream Rendering, Auto, and more...",https://www.youtube.com/watch?v=walv3nLTJ5g,33K views,4 weeks ago,33000,2023-11-15
".NET 8 and C# 12 Launch - What is New, What is Improved, and What is Supported",https://www.youtube.com/watch?v=mT70wtkE7DI,59K views,1 month ago,59000,
Why Should I Upgrade My .NET Application?,https://www.youtube.com/watch?v=JSsbDEzkGJA,7.2K views,1 month ago,7200,
Understanding SQL Auto-Incrementing Identity in 10 Minutes or Less,https://www.youtube.com/watch?v=h9ksr2ucNck,4.9K views,1 month ago,4900,
What Are The Steps To Quickly Debugging An Application?,https://www.youtube.com/watch?v=ek1gIYfIVaQ,5.4K views,1 month ago,5400,
C# Data Access: Complex Objects with Dapper,https://www.youtube.com/watch?v=n7mGEh4_06c,15K views,1 month ago,15000,
How Do I Estimate Tasks Correctly? How Do I Estimate Time Accurately?,https://www.youtube.com/watch?v=zPAC1CFdW9s,5.6K views,1 month ago,5600,
The Dictionary Data Structure in C# in 10 Minutes or Less,https://www.youtube.com/watch?v=R94JHIXdTk0,17K views,1 month ago,17000,
How Do You Avoid Feeling Overwhelmed? What If You Are In Over Your Head?,https://www.youtube.com/watch?v=7GWSF7Nsl9I,5.7K views,1 month ago,5700,
Is Global Demand for Developers Declining?,https://www.youtube.com/watch?v=jJtx9S3YZKQ,13K views,2 months ago,13000,
How to Fix the Inconsistent Accessibility Error in C#,https://www.youtube.com/watch?v=FBKMlasAZ9I,5.2K views,2 months ago,5200,
How Much Do I Lose When I Change Languages?,https://www.youtube.com/watch?v=v_I4G1reW-4,4.6K views,2 months ago,4600,
Resolution to the Unity Crisis,https://www.youtube.com/watch?v=omdIJi8_xp4,4.6K views,2 months ago,4600,
How Can I Succeed In A Crisis?,https://www.youtube.com/watch?v=TdknqbhpCkw,3.2K views,2 months ago,3200,
What is the Future of Software Development?,https://www.youtube.com/watch?v=y_N34EakNl0,13K views,2 months ago,13000,
Unity Meltdown - What Happened and What Now,https://www.youtube.com/watch?v=Aa5Ofw0Pzh4,14K views,2 months ago,14000,
Solution: Full Stack Development Challenge in C#,https://www.youtube.com/watch?v=XuugKbEiFDg,8.4K views,2 months ago,8400,
How Do I Become a Consultant with Kevin Griffin,https://www.youtube.com/watch?v=bSyLseW6s7I,3.8K views,2 months ago,3800,
VS for Mac is Retiring - What About Visual Studio / MAUI?,https://www.youtube.com/watch?v=M7V9ZzxPtVc,16K views,3 months ago,16000,
Full Stack Development Challenge in C#,https://www.youtube.com/watch?v=_WLgwj0r5wg,9K views,3 months ago,9000,
How Do I Become a Full Stack Developer in C#,https://www.youtube.com/watch?v=Eo18qicy2lA,13K views,3 months ago,13000,
Solution: Back-End Development Challenge in C#,https://www.youtube.com/watch?v=Kd76EVRGR2c,8.5K views,3 months ago,8500,
What Is A Full Stack Developer?,https://www.youtube.com/watch?v=9GcyWKQuFbA,7.3K views,3 months ago,7300,
Back-End Development Challenge in C#,https://www.youtube.com/watch?v=BbxjvV3d9pY,11K views,3 months ago,11000,
How Do I Become a Back-End Developer in C#,https://www.youtube.com/watch?v=LDUZZuBqktA,15K views,3 months ago,15000,
Solution: Front-End Development Challenge in C#,https://www.youtube.com/watch?v=Xlke5PuSCnY,7.5K views,3 months ago,7500,
What Is A Back-End Developer?,https://www.youtube.com/watch?v=f9qbJ11D8Ds,6K views,3 months ago,6000,
Front-End Development Challenge in C#,https://www.youtube.com/watch?v=mBBTTi9QESk,13K views,3 months ago,13000,
How Do I Become a Front-End Developer in C#,https://www.youtube.com/watch?v=pPNT1tuIUwo,13K views,3 months ago,13000,
What Is A Front-End Developer?,https://www.youtube.com/watch?v=DUvFLhTWOVI,5.7K views,3 months ago,5700,
Development Trends in 2023 - Stack Overflow Survey Review,https://www.youtube.com/watch?v=YcbOYLfVPjQ,9K views,3 months ago,9000,
Should I Create A Minimal API Or Full API?,https://www.youtube.com/watch?v=8D9gG5jmrI0,20K views,3 months ago,20000,
4 Things I Like in The New Visual Studio 2022 17.7 Update,https://www.youtube.com/watch?v=do7m5GZ0DoE,18K views,3 months ago,18000,
Moq and the Problem with Open Source,https://www.youtube.com/watch?v=Hz8KSVInL-g,7.7K views,3 months ago,7700,
What is the Best Type of Work Experience?,https://www.youtube.com/watch?v=uFhWAO6ycXI,4.4K views,4 months ago,4400,
"How To Upgrade Bootstrap in ASP.NET Core Web Applications - Blazor, MVC, Razor Pages, etc.",https://www.youtube.com/watch?v=h5KG5MY_-9k,10K views,4 months ago,10000,
Learn to Build Games with Unity and C# - Major Course Announcement,https://www.youtube.com/watch?v=CI34yj-I8ss,5.9K views,4 months ago,5900,
"What Are Some Tips for Interns? Pay, Performance, and More",https://www.youtube.com/watch?v=EyL868Ea44Q,2.7K views,4 months ago,2700,
What is the Future of Blazor? Should I Learn Blazor?,https://www.youtube.com/watch?v=OUUlO8fQOfE,48K views,4 months ago,48000,
Fluent Assertions in Unit Testing in C#,https://www.youtube.com/watch?v=TytferBCLOo,7.9K views,4 months ago,7900,
How Do I Structure My Application?,https://www.youtube.com/watch?v=r5G2OiYZAvk,14K views,4 months ago,14000,
Dependency Injection in Minimal APIs in C#,https://www.youtube.com/watch?v=i-xJ97uJ9qY,14K views,4 months ago,14000,
Why Do Applications Need Constant Updates? What is Code Rot?,https://www.youtube.com/watch?v=ms4Fu_ntIxg,4.7K views,5 months ago,4700,
How To Return a Record ID from SQL to C# on Insert,https://www.youtube.com/watch?v=b8Zev2qU5IE,10K views,5 months ago,10000,
How Do I Deal with Overthinking?,https://www.youtube.com/watch?v=8RmkyrbeWok,4.9K views,5 months ago,4900,
Intro to the CsvHelper Library for C#,https://www.youtube.com/watch?v=z3BwMlcGdhg,16K views,5 months ago,16000,
Why Do Software Development Projects Fail?,https://www.youtube.com/watch?v=FxmFTYElgig,6K views,5 months ago,6000,
New C# Book: Getting Started with C# (plus bonus kit),https://www.youtube.com/watch?v=-4UCL08pzyE,7K views,5 months ago,7000,
New File Dialog Tips and Tricks for Visual Studio in 10 Minutes or Less,https://www.youtube.com/watch?v=3dpFeNV1smU,6.9K views,5 months ago,6900,
Whatâ€™s New with .NET MAUI featuring Maddy Montaquila,https://www.youtube.com/watch?v=wf-jtXGku6E,7.7K views,5 months ago,7700,
Dev Tunnels Visual Studio in 10 Minutes or Less,https://www.youtube.com/watch?v=kdaHwOkQf7c,11K views,5 months ago,11000,
How Important is a Computer Science Degree for Software Developers?,https://www.youtube.com/watch?v=B2RF_LcaFmQ,7.4K views,5 months ago,7400,
Initial Look at the C# Dev Kit for VSCode,https://www.youtube.com/watch?v=2L4apvBifaU,29K views,6 months ago,29000,
The State of AI and .NET featuring Amanda Silver,https://www.youtube.com/watch?v=3XVC_zMuKDk,5.6K views,6 months ago,5600,
Using http Files in Visual Studio to Test and Document APIs,https://www.youtube.com/watch?v=drwc2dF3u7I,13K views,6 months ago,13000,
How Do I Build A Network of Connections?,https://www.youtube.com/watch?v=OeMDhUN7xvQ,4.3K views,6 months ago,4300,
"Debugging Lists in Visual Studio - viewing, sorting, and exporting",https://www.youtube.com/watch?v=ugduiQ28row,11K views,6 months ago,11000,
"Microsoft Build 2023 Recap - What's New, What's Better, and What's Coming",https://www.youtube.com/watch?v=B7Xy1009mx0,7.9K views,6 months ago,7900,
"AI is Everywhere, Now What? (Microsoft Build Conf. Special)",https://www.youtube.com/watch?v=28do0qBi4m0,8.5K views,6 months ago,8500,
Sticky Scroll is Back! Colorized Braces Are Also Now Available!,https://www.youtube.com/watch?v=O1GUbjacjKQ,7.5K views,6 months ago,7500,
How Do I Keep Up with the Latest Technologies?,https://www.youtube.com/watch?v=GHRttOr6bQM,8.7K views,6 months ago,8700,
Deploying Blazor Mini Course: Updating Connection Strings in Azure,https://www.youtube.com/watch?v=lSCjtrNkT38,5.9K views,6 months ago,5900,
What Should a Software Developer Not Do?,https://www.youtube.com/watch?v=Qpfd7hMPPPY,12K views,7 months ago,12000,
Deploying Blazor Mini Course: GitHub Actions and Continuous Delivery,https://www.youtube.com/watch?v=wybpWMrpuZk,7.4K views,7 months ago,7400,
What Was Your Biggest Mistake in Software Development?,https://www.youtube.com/watch?v=DYy2ydO-EsU,9.7K views,7 months ago,9700,
Deploying Blazor Mini Course: Creating an Azure Web App,https://www.youtube.com/watch?v=NiBEk8QepP4,18K views,7 months ago,18000,
How Do I Become a C# Expert?,https://www.youtube.com/watch?v=PLkZxTKxBac,24K views,7 months ago,24000,
Shortcut for Wrapping Element in a Div in ASP.NET Core,https://www.youtube.com/watch?v=7RBWbhj0lXA,9.7K views,7 months ago,9700,
How Do I Approach Rewriting an Old Codebase?,https://www.youtube.com/watch?v=uxtb_DqtOhI,10K views,7 months ago,10000,
Correct String Initialization in C#,https://www.youtube.com/watch?v=sh-1rNVfvhM,29K views,7 months ago,29000,
How Do I Get Side Income as a Developer?,https://www.youtube.com/watch?v=65vggzDs_dg,23K views,8 months ago,23000,
Blazor Code Separation - Easily Moving Code to a Code Behind File,https://www.youtube.com/watch?v=xiy0VHUbZJI,13K views,8 months ago,13000,
Should I Build a CMS or Should I Buy One?,https://www.youtube.com/watch?v=6UbmtZyWxz0,12K views,8 months ago,12000,
5 Quick Wins in Bootstrap 5 (plus dispelling 1 major myth),https://www.youtube.com/watch?v=qTdEks8FIBU,12K views,8 months ago,12000,
Adding Blazor Components with Drag and Drop,https://www.youtube.com/watch?v=1-4BuF9Mztk,11K views,8 months ago,11000,
Are Coding Bootcamps Worth It?,https://www.youtube.com/watch?v=Z2y9swvqZfA,4.9K views,8 months ago,4900,
Generating Fake Data in C# with Bogus,https://www.youtube.com/watch?v=ONJUPMYBgKI,18K views,8 months ago,18000,
How Do I Document My Code?,https://www.youtube.com/watch?v=oOb2gIkbft8,17K views,8 months ago,17000,
Humanize Your C# Code with the Humanizer NuGet Package,https://www.youtube.com/watch?v=S3BEfCzYPRU,20K views,8 months ago,20000,
How Do I Work with Offline Data?,https://www.youtube.com/watch?v=qGHLB-0-twQ,7K views,8 months ago,7000,
C# Resume and Portfolio Review,https://www.youtube.com/watch?v=MjG1ooA2wvY,13K views,9 months ago,13000,
What Should I Look For In A Good C# Job?,https://www.youtube.com/watch?v=6rRJFHG9XbA,12K views,9 months ago,12000,
"C# Hard Truths: Program.cs was a Lie, Startup.cs is a Waste of Space, and more...",https://www.youtube.com/watch?v=aSNqqZqYTk4,47K views,9 months ago,47000,
Why is Microsoft Changing C# Syntax So Much?,https://www.youtube.com/watch?v=MTtYQ79abzU,34K views,9 months ago,34000,
Intro To RabbitMQ,https://www.youtube.com/watch?v=bfVddTJNiAw,64K views,9 months ago,64000,
When Should I Quit? How Do I Know When to Move On?,https://www.youtube.com/watch?v=012u-528CxM,14K views,9 months ago,14000,
How Do You Keep Your Motivation to Learn and Grow?,https://www.youtube.com/watch?v=hEvqzVh0QpM,7.8K views,9 months ago,7800,
Running RabbitMQ Locally with Docker,https://www.youtube.com/watch?v=-0g-1ckQgBo,25K views,9 months ago,25000,
Is It Possible To Overuse DRY? Is Repeating Yourself Ever OK?,https://www.youtube.com/watch?v=MMBb6votW_0,8.1K views,10 months ago,8100,
6 New Features Coming Soon in Visual Studio 2022 (v17.5),https://www.youtube.com/watch?v=0NiHvdoMBO8,33K views,10 months ago,33000,
What Are Your Thoughts on Entity Framework Core vs. Dapper?,https://www.youtube.com/watch?v=7ZcbHFmgVAI,43K views,10 months ago,43000,
".NET Versions Explained - .NET, .NET Core, .NET Standard, .NET Framework and more",https://www.youtube.com/watch?v=X75vbT-Yv-c,62K views,10 months ago,62000,
7 File Uploading in C# Best Practices - The Blazor File Upload Mini Course,https://www.youtube.com/watch?v=PFs0mzYHQI0,6.9K views,10 months ago,6900,
Why Is Diversity Important In Software Development?,https://www.youtube.com/watch?v=eEtgNdLZ6Lg,3.6K views,10 months ago,3600,
Displaying Files From SQL - The Blazor File Upload Mini Course,https://www.youtube.com/watch?v=pKehZTYB62Q,7.4K views,10 months ago,7400,
Capturing Uploaded Files in SQL - The Blazor File Upload Mini Course,https://www.youtube.com/watch?v=dzQvHGMIVpg,10K views,10 months ago,10000,
Associating File Uploads with a Form - The Blazor File Upload Mini Course,https://www.youtube.com/watch?v=fW-rx2ONPGM,9.7K views,10 months ago,9700,
How Do I Recover After Being Fired?,https://www.youtube.com/watch?v=P5mkH6Bp03w,11K views,10 months ago,11000,
Uploading Files to Blazor - The Blazor File Upload Mini Course,https://www.youtube.com/watch?v=9H6hs61UK84,21K views,10 months ago,21000,
Introduction to the Blazor File Upload Mini Course,https://www.youtube.com/watch?v=fb84DSypeWk,10K views,10 months ago,10000,
What Soft Skills Benefit Software Developers the Most?,https://www.youtube.com/watch?v=U6Xjhp5oSqk,14K views,11 months ago,14000,
How To Learn SQL In 2023,https://www.youtube.com/watch?v=K2qNDuGzQ5E,14K views,11 months ago,14000,
How To Learn Azure In 2023,https://www.youtube.com/watch?v=LIpAw_VmNso,32K views,11 months ago,32000,
How To Learn Blazor In 2023,https://www.youtube.com/watch?v=GIcAADklnRo,78K views,11 months ago,78000,
Should I Start My Project Over From Scratch or Update It?,https://www.youtube.com/watch?v=f1rNumEAJzU,5.4K views,11 months ago,5400,
How To Learn Git In 2023,https://www.youtube.com/watch?v=7dROWfpYiXs,28K views,11 months ago,28000,
How Do I Make a Resolution I Can Keep?,https://www.youtube.com/watch?v=WDnW5RRk834,5.3K views,11 months ago,5300,
How To Learn Web Development In 2023,https://www.youtube.com/watch?v=vru0mjRYixI,45K views,11 months ago,45000,
"How To Learn C# in 2023 - Learning Path, Tips & Tricks, and More",https://www.youtube.com/watch?v=hnjly9iBHso,311K views,11 months ago,311000,
Will Artificial Intelligence Take Away Developer Jobs?,https://www.youtube.com/watch?v=DnMz4M8qfr4,19K views,11 months ago,19000,
A Shared Development vs Local Services and Containers,https://www.youtube.com/watch?v=5CYorFBWK3o,9K views,11 months ago,9000,
Should I Know the .NET CLI? Is It Important?,https://www.youtube.com/watch?v=UsSCULQPFpA,11K views,1 year ago,11000,
"ChatGPT Changes Everything, But Not in the Way You Think",https://www.youtube.com/watch?v=FEsahkX7ZF8,171K views,1 year ago,171000,
.NET 7 Update: List Patterns in 10 Minutes or Less,https://www.youtube.com/watch?v=SztvGBv8uVM,20K views,1 year ago,20000,
.NET 7 Update: Newlines in String Interpolation in 10 Minutes or Less,https://www.youtube.com/watch?v=eEhzN_xVRwg,7.3K views,1 year ago,7300,
Is Writing C# on a Mac Realistic? How About Linux?,https://www.youtube.com/watch?v=YTOKJkWZ0Ks,30K views,1 year ago,30000,
.NET 7 Update: Blazor Loading Animation in 10 Minutes or Less,https://www.youtube.com/watch?v=UYy0YXLGlQM,12K views,1 year ago,12000,
.NET 7 Update: Blazor Virtualization Update in 10 Minutes or Less,https://www.youtube.com/watch?v=oNZnYNUpu54,13K views,1 year ago,13000,
Upgrading the Suggestion Site to .NET 7,https://www.youtube.com/watch?v=mgkxe06PqE8,5.8K views,1 year ago,5800,
Which Database Type Should I Use For My App?,https://www.youtube.com/watch?v=7nBVXutEgIA,33K views,1 year ago,33000,
.NET 7 Update: Required Properties in 10 Minutes or Less,https://www.youtube.com/watch?v=_hQPSOocXs0,12K views,1 year ago,12000,
.NET 7 Update: Raw String Literals in 10 Minutes or Less,https://www.youtube.com/watch?v=Jb8g3zRey6U,9.9K views,1 year ago,9900,
What Authentication System Should I Use For My App?,https://www.youtube.com/watch?v=4BItolSqIyU,56K views,1 year ago,56000,
.NET 7 Update: Nanoseconds in DateTime in 10 Minutes or Less,https://www.youtube.com/watch?v=RWzGDh2c4Sg,5.8K views,1 year ago,5800,
.NET 7 Update: Creating Tar Files in C# in 10 Minutes or Less,https://www.youtube.com/watch?v=Vms9o345kvc,7K views,1 year ago,7000,
.NET 7 Update: Nullable Models in MVC in 10 Minutes or Less,https://www.youtube.com/watch?v=fxBkAG_euzw,10K views,1 year ago,10000,
How Do I Choose the Right Web Framework?,https://www.youtube.com/watch?v=kBgUITvR4cg,12K views,1 year ago,12000,
.NET 7 Update: Simplified LINQ Ordering In 10 Minutes or Less,https://www.youtube.com/watch?v=lZNdxWp7R0Y,24K views,1 year ago,24000,
.NET 7 Update: Blank Templates for Blazor in 10 Minutes or Less,https://www.youtube.com/watch?v=7XPVDGd6jDU,13K views,1 year ago,13000,
".NET 7 Overview - What's New, Should You Use It, and More",https://www.youtube.com/watch?v=9NqthBLHBDg,101K views,1 year ago,101000,
Does Knowing Data Structures and Algorithms Benefit a C# Developer?,https://www.youtube.com/watch?v=uL7wOK5uAG0,27K views,1 year ago,27000,
How We Built the IAmTimCorey Website - Behind the Scenes,https://www.youtube.com/watch?v=heoYuzzvzi4,7.8K views,1 year ago,7800,
How Much Learning Is Too Much?,https://www.youtube.com/watch?v=X5qJ6nvZKVQ,6.9K views,1 year ago,6900,
Intro to Regular Expressions - How to use Regex in C#,https://www.youtube.com/watch?v=R5BcHIMZMxc,31K views,1 year ago,31000,
Should I Know Linux as a C# Developer?,https://www.youtube.com/watch?v=MYxCD42IBBM,12K views,1 year ago,12000,
Twitter Authentication in .NET 6 ASP.NET Core Web Applications,https://www.youtube.com/watch?v=Us3NuoxOGDo,11K views,1 year ago,11000,
Should I Take a C# Desktop Job as a C# Web Developer?,https://www.youtube.com/watch?v=x_Bbd12tLz8,7.5K views,1 year ago,7500,
"Intro to Service, Unit Testing, Class Library, and SSDT Projects in VS2022",https://www.youtube.com/watch?v=r8ReyXfryD0,15K views,1 year ago,15000,
Is This The Next Silverlight? The Silverlight Myth,https://www.youtube.com/watch?v=uH3z0ja7qfE,10K views,1 year ago,10000,
The Perfect C# Console Application...Or Not.,https://www.youtube.com/watch?v=dZSLm4tOI8o,58K views,1 year ago,58000,
What are Some Tips on Going into Business for Yourself?,https://www.youtube.com/watch?v=6lPRgGwLrhY,6.4K views,1 year ago,6400,
Intro to T-SQL - The Second Language Every Developer Should Know,https://www.youtube.com/watch?v=f0y2kfMw8nw,31K views,1 year ago,31000,
How Do I Practice My Presentation Skills?,https://www.youtube.com/watch?v=mfDkF9_AQ8Y,3.3K views,1 year ago,3300,
Intro To SSMS - Get to know SQL Server Management Studio,https://www.youtube.com/watch?v=8QrzlzsL624,43K views,1 year ago,43000,
New IAmTimCorey Website Launch! New Resources! New Features!,https://www.youtube.com/watch?v=nGnatd8mhGg,9.1K views,1 year ago,9100,
What Are Some Tips for Great Presentations?,https://www.youtube.com/watch?v=L0G7tmArBCA,2.8K views,1 year ago,2800,
C# Code Review: Reviewing Practice Code - How To Practice C# Well,https://www.youtube.com/watch?v=QnyfRoqtaw4,19K views,1 year ago,19000,
How Do I Improve the Technical Skills of a Team?,https://www.youtube.com/watch?v=GsdNOtz0hOs,5.6K views,1 year ago,5600,
Cleaning Up The Program.cs File In .NET 6 Now That Startup.cs is Gone,https://www.youtube.com/watch?v=rhydGmLxfjQ,34K views,1 year ago,34000,
What Are Some Resume Tips for A C# Developer?,https://www.youtube.com/watch?v=Q0yqYWWhYq0,11K views,1 year ago,11000,
"Intro to Web API in .NET 6 - Including Minimal APIs, Swagger, and more",https://www.youtube.com/watch?v=87oOF9Ve-KA,153K views,1 year ago,153000,
Which Programming Techniques Should Every Developer Know?,https://www.youtube.com/watch?v=NDT2PFN63Bo,30K views,1 year ago,30000,
Intro to Console Apps in C# in .NET 6,https://www.youtube.com/watch?v=8bOoiftm5wM,41K views,1 year ago,41000,
Should I Join a Local User Group? What Are the Benefits?,https://www.youtube.com/watch?v=0ZrBmFEn6vw,3.3K views,1 year ago,3300,
.NET MAUI Tooling Released to Production in Visual Studio 17.3,https://www.youtube.com/watch?v=fSxrsFGo7ag,11K views,1 year ago,11000,
Intro to Windows Forms (WinForms) in .NET 6,https://www.youtube.com/watch?v=0zLZQesgV5o,153K views,1 year ago,153000,
What Are the Most Important Project Types to Learn in C#?,https://www.youtube.com/watch?v=NVdTk1UBPAQ,12K views,1 year ago,12000,
Intro To Class Libraries in C#,https://www.youtube.com/watch?v=C6LV_xMGdKc,58K views,1 year ago,58000,
What Is The Cloud? Do I Need To Know It? Is It Serverless?,https://www.youtube.com/watch?v=0YhPzPURaSw,8.6K views,1 year ago,8600,
How Do I Choose a C# Project Type (New Resource!),https://www.youtube.com/watch?v=QnQ1RcM86n4,10K views,1 year ago,10000,
Do I Need To Learn Older Technologies Or Can I Start With .NET 6?,https://www.youtube.com/watch?v=cwo0EjPLnBI,6.8K views,1 year ago,6800,
Dependency Injection in WPF in .NET 6 Including the Factory Pattern,https://www.youtube.com/watch?v=dLR_D2IJE1M,47K views,1 year ago,47000,
How Do I Get the Most Out of a Developer Conference or Event?,https://www.youtube.com/watch?v=-K-DtXTFZdo,3.7K views,1 year ago,3700,
Factory Pattern in C# with Dependency Injection,https://www.youtube.com/watch?v=2PXAfSfvRKY,87K views,1 year ago,87000,
ASP.NET Core Web API Features You Need to Know In 10 Minutes or Less,https://www.youtube.com/watch?v=s1bk-68aB1U,105K views,1 year ago,105000,
Why Do Employers Ask For Work Experience For Entry-Level Jobs?,https://www.youtube.com/watch?v=Lu3qjPVfEfI,7.8K views,1 year ago,7800,
Intro to Core WCF In 10 Minutes or Less,https://www.youtube.com/watch?v=I-46c9E-PcA,26K views,1 year ago,26000,
Working with Null in .NET 6 and C# 10,https://www.youtube.com/watch?v=-bn4e5xUEeM,32K views,1 year ago,32000,
How Do I Balance Design Patterns and Code Complexity? (Fixed Upload),https://www.youtube.com/watch?v=1xpQ4IB7MZA,8.4K views,1 year ago,8400,
Intro to Blazor Hybrid (.NET MAUI Blazor),https://www.youtube.com/watch?v=v36s9snCrXU,55K views,1 year ago,55000,
How Do I Know If I Am Overusing a Principle?,https://www.youtube.com/watch?v=9O78TLMMJQ4,7.3K views,1 year ago,7300,
Should I Focus on Blazor or ASP.NET Core?,https://www.youtube.com/watch?v=YbH2n4FZAP4,69K views,1 year ago,69000,
Dependency Injection in .NET Core (.NET 6),https://www.youtube.com/watch?v=Hhpq7oYcpGE,155K views,1 year ago,155000,
How Do I Adapt To Rapid Changes In The Programming World?,https://www.youtube.com/watch?v=JglPiQrWoHg,9K views,1 year ago,9000,
"Calling the Command Line in C# - Scripts, PowerShell, Automation, and more",https://www.youtube.com/watch?v=WrSZrGoPYyc,31K views,1 year ago,31000,
How Do I Understand a Complex Codebase At Work?,https://www.youtube.com/watch?v=FErIfEd3IHI,36K views,1 year ago,36000,
The Guard Clause in C# using the Throw NuGet Package,https://www.youtube.com/watch?v=zlEFematc3s,21K views,1 year ago,21000,
When Should I Optimize and When Should I Add New Features?,https://www.youtube.com/watch?v=5dxzoIWUC1Y,4.1K views,1 year ago,4100,
".NET MAUI First Look - What is it, how do we use it, and is it ready",https://www.youtube.com/watch?v=HmyfjAaPW0g,124K views,1 year ago,124000,
Displaying Custom Reports in Blazor using Syncfusion,https://www.youtube.com/watch?v=CA8waGMYHbY,12K views,1 year ago,12000,
How Do I Set My Rate For Consulting / Freelancing?,https://www.youtube.com/watch?v=uHGwMOQD_aQ,5.6K views,1 year ago,5600,
Creating Custom Reports using Syncfusion,https://www.youtube.com/watch?v=c0MW9eV4bAE,11K views,1 year ago,11000,
Real-World C# Controls: Syncfusion PDF Viewer,https://www.youtube.com/watch?v=YD817HgD380,11K views,1 year ago,11000,
"Creating Office Files in Blazor using Syncfusion - PDF, Word, Excel, and PowerPoint",https://www.youtube.com/watch?v=wyoCxzRLUsQ,9.9K views,1 year ago,9900,
How Do I Price My Software?,https://www.youtube.com/watch?v=mChu9tsMGGs,7.2K views,1 year ago,7200,
Intro to Blazor Controls in Syncfusion,https://www.youtube.com/watch?v=eQ9S9rt-rKc,14K views,1 year ago,14000,
Intro to Syncfusion (and how to get it all for free),https://www.youtube.com/watch?v=Fe1sCEqGHFc,31K views,1 year ago,31000,
How Do I Think Like a Software Developer?,https://www.youtube.com/watch?v=0TQ_Y4XWyQM,12K views,1 year ago,12000,
Intro to SignalR in C# Part 2 - Beyond Chat Applications,https://www.youtube.com/watch?v=-JzWg-Kwu7g,22K views,1 year ago,22000,
Six Things I Want Every Developer To Know - Special 100th Episode Edition,https://www.youtube.com/watch?v=GX1Y3X5qAu0,16K views,1 year ago,16000,
"Intro to SignalR in C# Part 1 - using Blazor, WPF, best practices, and more",https://www.youtube.com/watch?v=RaXx_f3bIRU,84K views,1 year ago,84000,
How Do You Gather User Requirements? How Do You Perform UAT?,https://www.youtube.com/watch?v=VCRGqHC-BRo,9.2K views,1 year ago,9200,
"Intro To The .NET CLI - How To Use It, Why We Need It, And More",https://www.youtube.com/watch?v=RQLzp2Z8-BE,65K views,1 year ago,65000,
How Do I Set Goals As A Software Developer?,https://www.youtube.com/watch?v=bkI53Yvat58,10K views,1 year ago,10000,
"Intro to GitHub - Commits, Issues, Pull Requests, Releases, and more",https://www.youtube.com/watch?v=g0NBVOiPFWA,36K views,1 year ago,36000,
How Do I Organize My Common Libraries Into Projects?,https://www.youtube.com/watch?v=tzc5jxfW1YM,11K views,1 year ago,11000,
Tips for Working with Open-Source Projects,https://www.youtube.com/watch?v=kyyz0wQ6Loo,6.8K views,1 year ago,6800,
How Do I Integrate Into A Remote Team?,https://www.youtube.com/watch?v=8e0Y7HTL5lY,6.3K views,1 year ago,6300,
Editorconfig In Visual Studio In 10 Minutes or Less,https://www.youtube.com/watch?v=CQW5b58mPdg,25K views,1 year ago,25000,
C# Challenge Update - How To Make Your Repo Stand Out,https://www.youtube.com/watch?v=Gg1NxxEkDe0,5.8K views,1 year ago,5800,
How Do I Plan Out A Project? Waterfall? Agile?,https://www.youtube.com/watch?v=1obXtHzTdus,11K views,1 year ago,11000,
"Is Azure DevOps Going Away? If So, Where Do We Go?",https://www.youtube.com/watch?v=u8HAtDME__E,21K views,1 year ago,21000,
.NET 6 Startup Changes - Handling Program.cs Without Startup.cs,https://www.youtube.com/watch?v=vdhFw1VSowg,67K views,1 year ago,67000,
Building a Suggestion Site App - Lesson 31,https://www.youtube.com/watch?v=jAktzbu9TVo,10K views,1 year ago,10000,
How Do I Go from Outdated to Employable?,https://www.youtube.com/watch?v=yLFjldE7-Ik,8.1K views,1 year ago,8100,
Building a Suggestion Site App - Lesson 30,https://www.youtube.com/watch?v=BpTaohMm5Go,5K views,1 year ago,5000,
Building a Suggestion Site App - Lesson 29,https://www.youtube.com/watch?v=xLM0R8KNvqQ,4.3K views,1 year ago,4300,
Getting a MongoDB Atlas Connection String In 10 Minutes or Less,https://www.youtube.com/watch?v=oVHQXwkdS6w,26K views,1 year ago,26000,
Building a Suggestion Site App - Lesson 28,https://www.youtube.com/watch?v=gavmFjCB0oM,4.4K views,1 year ago,4400,
Which Is Better - Tabs or Spaces?,https://www.youtube.com/watch?v=tf_at4X43AA,6.5K views,1 year ago,6500,
Building a Suggestion Site App - Lesson 27,https://www.youtube.com/watch?v=yh1g0krTPPs,3.7K views,1 year ago,3700,
Building a Suggestion Site App - Lesson 26,https://www.youtube.com/watch?v=5mmeesm-glk,3.5K views,1 year ago,3500,
Building a Suggestion Site App - Lesson 25,https://www.youtube.com/watch?v=4-eQZ1zIxS0,3.6K views,1 year ago,3600,
Building a Suggestion Site App - Lesson 24,https://www.youtube.com/watch?v=vuzBlVJ4DlA,4.3K views,1 year ago,4300,
Why Shouldn't I Choose the Best Language for the Job?,https://www.youtube.com/watch?v=IeN4mrGBNQU,4.2K views,1 year ago,4200,
Building a Suggestion Site App - Lesson 23,https://www.youtube.com/watch?v=pUdeNcxxCVY,5K views,1 year ago,5000,
Building a Suggestion Site App - Lesson 22,https://www.youtube.com/watch?v=awQkBfP2aYs,5.6K views,1 year ago,5600,
Building a Suggestion Site App - Lesson 21,https://www.youtube.com/watch?v=VOziDslV3i8,6.6K views,1 year ago,6600,
Building a Suggestion Site App - Lesson 20,https://www.youtube.com/watch?v=BCmOEL2kQac,7.2K views,1 year ago,7200,
How Do I Convince People to Use My App?,https://www.youtube.com/watch?v=relnFnJA54Y,3K views,1 year ago,3000,
Building a Suggestion Site App - Lesson 19,https://www.youtube.com/watch?v=VfwtoP1Xurg,6.4K views,1 year ago,6400,
Building a Suggestion Site App - Lesson 18,https://www.youtube.com/watch?v=ff0VREJhnzo,6.5K views,1 year ago,6500,
Building a Suggestion Site App - Lesson 17,https://www.youtube.com/watch?v=pG9whUP788U,6.4K views,1 year ago,6400,
Building a Suggestion Site App - Lesson 16,https://www.youtube.com/watch?v=ARMq_U5sMMA,7.5K views,1 year ago,7500,
When Should I Build My Own Instead Of Using A NuGet Package?,https://www.youtube.com/watch?v=MNge-TIs60g,5.1K views,1 year ago,5100,
Building a Suggestion Site App - Lesson 15,https://www.youtube.com/watch?v=5bN1vKA-JV4,6.8K views,1 year ago,6800,
Building a Suggestion Site App - Lesson 14,https://www.youtube.com/watch?v=BuKJImStj7s,7.9K views,1 year ago,7900,
Building a Suggestion Site App - Lesson 13,https://www.youtube.com/watch?v=B-ETrXaAXlE,9.7K views,1 year ago,9700,
Building a Suggestion Site App - Lesson 12,https://www.youtube.com/watch?v=CkrjYJkH_lg,12K views,1 year ago,12000,
How Do I Choose The Right Technology Stack For My App?,https://www.youtube.com/watch?v=VpdHElXBXGQ,7K views,1 year ago,7000,
Building a Suggestion Site App - Lesson 11,https://www.youtube.com/watch?v=J5xlZaiENKw,11K views,1 year ago,11000,
Building a Suggestion Site App - Lesson 10,https://www.youtube.com/watch?v=3HyPo7kyKgU,12K views,1 year ago,12000,
Building a Suggestion Site App - Lesson 9,https://www.youtube.com/watch?v=St7xS9s7PJs,12K views,1 year ago,12000,
Building a Suggestion Site App - Lesson 8,https://www.youtube.com/watch?v=5kEh9ot-YS0,14K views,1 year ago,14000,
What Makes A Good Software Application?,https://www.youtube.com/watch?v=YN_mkRwcYe0,5.8K views,1 year ago,5800,
Building a Suggestion Site App - Lesson 7,https://www.youtube.com/watch?v=62pTfmj_w6I,14K views,1 year ago,14000,
The New MongoDB Analyzer In 10 Minutes or Less,https://www.youtube.com/watch?v=AICg7UWKOpM,6.3K views,1 year ago,6300,
How Do I Finish What I Started?,https://www.youtube.com/watch?v=xQhFLNL8IHI,6.5K views,1 year ago,6500,
Building a Suggestion Site App - Lesson 6,https://www.youtube.com/watch?v=q-ZuYF_O-gk,18K views,1 year ago,18000,
Building a Suggestion Site App - Lesson 5,https://www.youtube.com/watch?v=8JF7nOLDchI,18K views,1 year ago,18000,
Building a Suggestion Site App - Lesson 4,https://www.youtube.com/watch?v=rlcQwx2aIz0,14K views,1 year ago,14000,
Why Do Languages Copy Each Other?,https://www.youtube.com/watch?v=83CTq_Fg5Xc,3.7K views,1 year ago,3700,
Building a Suggestion Site App - Lesson 3,https://www.youtube.com/watch?v=OdM4L8amfDY,15K views,1 year ago,15000,
Building a Suggestion Site App - Lesson 2,https://www.youtube.com/watch?v=8q3sRuoQZxQ,19K views,1 year ago,19000,
Building a Suggestion Site App - Lesson 1,https://www.youtube.com/watch?v=ybTPIhYLrBQ,28K views,1 year ago,28000,
Building a Suggestion Site App Course (free thanks to MongoDB!),https://www.youtube.com/watch?v=eEyAKk4NeSg,70K views,1 year ago,70000,
Do I Really Need to Study HTML and CSS as a C# Web Developer?,https://www.youtube.com/watch?v=-7jQfzkD-Ag,13K views,1 year ago,13000,
C# Challenge for 2022 and Beyond,https://www.youtube.com/watch?v=Dn_xVbIn8iw,20K views,1 year ago,20000,
What Do I Wish I Did Differently When Learning Software Development?,https://www.youtube.com/watch?v=U485sV5RwE8,8.7K views,1 year ago,8700,
How Do I Get Consistent Growth As A Developer?,https://www.youtube.com/watch?v=GkaaZAjBwgo,9.8K views,1 year ago,9800,
Custom Naming Styles in Visual Studio 2022,https://www.youtube.com/watch?v=MScf5UFK9gk,17K views,1 year ago,17000,
Intro to In-Memory Caching in C#,https://www.youtube.com/watch?v=2jj2wH60QuE,70K views,1 year ago,70000,
How Do I Build Relationships In The Industry?,https://www.youtube.com/watch?v=bKRKF4F6_0Q,3.9K views,1 year ago,3900,
"Intro To Azure Static Web Apps - Free Hosting, SSL, Global Distribution, and More",https://www.youtube.com/watch?v=OW6OfW5SkNw,43K views,2 years ago,43000,2021-12-13
How Do I Make My Resume Stand Out?,https://www.youtube.com/watch?v=kmPqPVbuvGY,6.9K views,2 years ago,6900,2021-12-13
C# Mastercourse Launch (with 3 HUGE bonus courses)!,https://www.youtube.com/watch?v=Si7he5KVH7w,28K views,2 years ago,28000,2021-12-13
How to Connect MongoDB to C# the Easy Way,https://www.youtube.com/watch?v=exXavNOqaVo,60K views,2 years ago,60000,2021-12-13
Why Won't Employers Hire Me?,https://www.youtube.com/watch?v=weFy3typ_1c,7.1K views,2 years ago,7100,2021-12-13
Minimal API in .NET 6 Using Dapper and SQL - Minimal API Project Part 2,https://www.youtube.com/watch?v=5tYSO5mAjXs,95K views,2 years ago,95000,2021-12-13
How Do I Win The Comparison Game? How Do I Get Better?,https://www.youtube.com/watch?v=O1Nfcyoulis,6.7K views,2 years ago,6700,2021-12-13
Tweaking Kestrel,https://www.youtube.com/watch?v=5wSOohizFY0,15K views,2 years ago,15000,2021-12-13
Simple C# Data Access with Dapper and SQL - Minimal API Project Part 1,https://www.youtube.com/watch?v=dwMFg6uxQ0I,208K views,2 years ago,208000,2021-12-13
What Does A Lead Developer Do? How Do I Become One?,https://www.youtube.com/watch?v=wtgnfAoJxW0,29K views,2 years ago,29000,2021-12-13
Intro to Tuples in C# In 10 Minutes or Less,https://www.youtube.com/watch?v=QC6hpl2iU0c,36K views,2 years ago,36000,2021-12-13
How Do I Price My Software? What Is The Right Price For Software?,https://www.youtube.com/watch?v=8fBNkTQ6TQo,11K views,2 years ago,11000,2021-12-13
DateTime Deep Dive in C# plus DateOnly and TimeOnly in .NET 6,https://www.youtube.com/watch?v=e9HUcuQkbBU,15K views,2 years ago,15000,2021-12-13
Parameter and Variable Tooltips in Visual Studio In 10 Minutes or Less,https://www.youtube.com/watch?v=morBKqtqmso,22K views,2 years ago,22000,2021-12-13
Extended Property Patterns in C# 10 and .NET 6 In 10 Minutes or Less,https://www.youtube.com/watch?v=AxlWixsVxoo,37K views,2 years ago,37000,2021-12-13
How Do I Get Started In Open Source Development?,https://www.youtube.com/watch?v=6n3bfrKp1OQ,6.7K views,2 years ago,6700,2021-12-13
Null Parameter Checks in C# 10 and .NET 6 In 10 Minutes or Less,https://www.youtube.com/watch?v=230zlnKkl3A,48K views,2 years ago,48000,2021-12-13
Course Conclusion - A TimCo Retail Manager Video,https://www.youtube.com/watch?v=dC3jkcEulh4,8.3K views,2 years ago,8300,2021-12-13
Offline Support in Our PWA - A TimCo Retail Manager Video,https://www.youtube.com/watch?v=OKz6JMKCBJU,4.9K views,2 years ago,4900,2021-12-13
File Scoped Namespaces in C# 10 and .NET 6 In 10 Minutes or Less,https://www.youtube.com/watch?v=HXm2sRtVT8Y,25K views,2 years ago,25000,2021-12-13
Implicit Usings in .NET 6 In 10 Minutes or Less,https://www.youtube.com/watch?v=TAqFe6fb120,22K views,2 years ago,22000,2021-12-13
How Do I Get C# Work Experience? How Do I Get My First Job?,https://www.youtube.com/watch?v=HLEeK212uXw,7.6K views,2 years ago,7600,2021-12-13
Global Usings in C# 10 and .NET 6 In 10 Minutes or Less,https://www.youtube.com/watch?v=RWYrafpP53A,35K views,2 years ago,35000,2021-12-13
Hot Reload in .NET 6 In 10 Minutes or Less,https://www.youtube.com/watch?v=H5vVVyrqdH8,24K views,2 years ago,24000,2021-12-13
"Blazor Updates in .NET 6 - Hot Reload, Query Parameters, and More",https://www.youtube.com/watch?v=wT9EOfLghlY,39K views,2 years ago,39000,2021-12-13
.NET 6 Hot Reload Controversy Explained,https://www.youtube.com/watch?v=L9_pzDjw9HQ,17K views,2 years ago,17000,2021-12-13
Deconstructor Updates in C# 10 and .NET 6 In 10 Minutes or Less,https://www.youtube.com/watch?v=OI1yzwsyR7M,35K views,2 years ago,35000,2021-12-13
Constant Interpolation in C# 10 and .NET 6 In 10 Minutes or Less,https://www.youtube.com/watch?v=yIXqn1L7p_4,81K views,2 years ago,81000,2021-12-13
Should a C# Web Developer know Angular/React/Vue?,https://www.youtube.com/watch?v=9WnRInVlWbs,28K views,2 years ago,28000,2021-12-13
Date and Time in C# 10 and .NET 6 In 10 Minutes or Less,https://www.youtube.com/watch?v=2JUI_qAgiJo,73K views,2 years ago,73000,2021-12-13
Publishing to IIS - A TimCo Retail Manager Video,https://www.youtube.com/watch?v=il4CPRKOTuQ,7.3K views,2 years ago,7300,2021-12-13
How Do I Upgrade An Enterprise Application? Should I Even Consider It?,https://www.youtube.com/watch?v=rJxsSiHNRhA,7.1K views,2 years ago,7100,2021-12-13
".NET Foundation Crisis - What is Happening, Why, and What Now",https://www.youtube.com/watch?v=ui1Wg8oiHgc,41K views,2 years ago,41000,2021-12-13
How Big Is A Typical Raise For A Developer? Cost Of Living? More?,https://www.youtube.com/watch?v=guEWy9NNL1c,7.8K views,2 years ago,7800,2021-12-13
C# Namespace & Using Deep Dive - Including .NET 6 Changes,https://www.youtube.com/watch?v=0f0K8vVJzkg,24K views,2 years ago,24000,2021-12-13
What Parts of C# Are Obsolete? Should I Even Learn The .NET Framework?,https://www.youtube.com/watch?v=hrg9kno7dxM,26K views,2 years ago,26000,2021-12-13
Caching with LocalStorage in Blazor WebAssembly - A TimCo Retail Manager Video,https://www.youtube.com/watch?v=hUJEadVHchU,8.8K views,2 years ago,8800,2021-12-13
Why Should I Choose C# As My Programming Language?,https://www.youtube.com/watch?v=LBFI-8CtKOQ,50K views,2 years ago,50000,2021-12-13
How Do I Avoid Burnout? How Do I Deal With Burnout?,https://www.youtube.com/watch?v=WkQ_3Gi6Xmc,12K views,2 years ago,12000,2021-12-13
.NET MAUI Delayed! What This Means for .NET 6 and MAUI,https://www.youtube.com/watch?v=IcwUy1GXEGU,41K views,2 years ago,41000,2021-12-13
Inheritance vs Interfaces in C#: Object Oriented Programming,https://www.youtube.com/watch?v=4sxyDXt1igs,91K views,2 years ago,91000,2021-12-13
How Do I Add Value As An Employee? How Do I Make A Good Impression?,https://www.youtube.com/watch?v=O_jqGBSlNAg,8.6K views,2 years ago,8600,2021-12-13
Storing Images in SQL (through API to Blazor) - A TimCo Retail Manager Video,https://www.youtube.com/watch?v=hfy6pIagHTs,9.7K views,2 years ago,9700,2021-12-13
How Do I Get A Raise As A Software Developer?,https://www.youtube.com/watch?v=rEage-JzChI,8.4K views,2 years ago,8400,2021-12-13
Intro to Refit REST API Client for C#,https://www.youtube.com/watch?v=HH8drNbai8w,45K views,2 years ago,45000,2021-12-13
How Do I Assess My Market Value? What Should I Be Paid?,https://www.youtube.com/watch?v=7TxZP4nQuMk,7.9K views,2 years ago,7900,2021-12-13
How Do I Spend Your Money? Why Is It Worth It To Spend More For A Course?,https://www.youtube.com/watch?v=2LzEguAPra0,16K views,2 years ago,16000,2021-12-13
Calling an API from Blazor WebAssembly - A TimCo Retail Manager Video,https://www.youtube.com/watch?v=wJPfCKmpkao,9.5K views,2 years ago,9500,2021-12-13
When Is It Time To Give Up Being A Developer?,https://www.youtube.com/watch?v=ehNVfXYXpF0,14K views,2 years ago,14000,2021-12-13
Intro to Benchmark.net - How To Benchmark C# Code,https://www.youtube.com/watch?v=mmza9x3QxYE,35K views,2 years ago,35000,2021-12-13
Surviving Tutorial Hell - How to Succeed On Your Own As A Developer,https://www.youtube.com/watch?v=87TGyuzycwQ,12K views,2 years ago,12000,2021-12-13
Products Layout in Bootstrap 4 - A TimCo Retail Manager Video,https://www.youtube.com/watch?v=_dcimM984yA,6.6K views,2 years ago,6600,2021-12-13
.NET Framework vs .NET Core vs .NET vs .NET Standard vs C#,https://www.youtube.com/watch?v=4olO9UjRiww,488K views,2 years ago,488000,2021-12-13
How Important is Attention to Detail as a Developer?,https://www.youtube.com/watch?v=ViDdiKRXgXU,10K views,2 years ago,10000,2021-12-13
"Intro to Yield in C# - What it is, how to use it, and when it is useful",https://www.youtube.com/watch?v=AAz8q6dOCYk,69K views,2 years ago,69000,2021-12-13
Why Does Stack Overflow Hate Homework Questions?,https://www.youtube.com/watch?v=9gwPMjIibdY,6.6K views,2 years ago,6600,2021-12-13
Passing Tokens to an ASP.NET Core API - A TimCo Retail Manager Video,https://www.youtube.com/watch?v=B26hROUBo2o,10K views,2 years ago,10000,2021-12-13
Should I Build An App Or Buy An Existing App?,https://www.youtube.com/watch?v=2t2qhbMpUWI,4.7K views,2 years ago,4700,2021-12-13
10 Time-Saving Tips for Visual Studio 2019 (as of 16.10.3),https://www.youtube.com/watch?v=b4T63cdGs0U,104K views,2 years ago,104000,2021-12-13
First Look at GitHub Copilot and What It Means For Developers,https://www.youtube.com/watch?v=vFAwoMD06Sg,21K views,2 years ago,21000,2021-12-13
Addressing Warnings and Information Messages - A TimCo Retail Manager Video,https://www.youtube.com/watch?v=2LeKm-kpRcI,5.6K views,2 years ago,5600,2021-12-13
What Are the Common Application Layers? Is 3 Layers Standard?,https://www.youtube.com/watch?v=iRfwdPJYmfc,20K views,2 years ago,20000,2021-12-13
How Much Should I Do In a Take Home Interview Exercise?,https://www.youtube.com/watch?v=km5gTuSdDtc,7.1K views,2 years ago,7100,2021-12-13
Visual Studio 2022 Preview 1 Sneak Peek,https://www.youtube.com/watch?v=XlVm7UjRwWA,60K views,2 years ago,60000,2021-12-13
Do No-Code Products Threaten Software Development Jobs?,https://www.youtube.com/watch?v=ah1tEvAkojI,15K views,2 years ago,15000,2021-12-13
Behind the Scenes: Launch of the Foundation in Web Development Course,https://www.youtube.com/watch?v=SWerLjZw50w,7.6K views,2 years ago,7600,2021-12-13
How To Diagnose Visual Studio Issues,https://www.youtube.com/watch?v=KF9CiJVihaM,7.1K views,2 years ago,7100,2021-12-13
How Do You Prepare For A Technical Interview?,https://www.youtube.com/watch?v=cQzT1YB1cQU,33K views,2 years ago,33000,2021-12-13
How Do You Stay Focused and Avoid Distractions As A Software Developer?,https://www.youtube.com/watch?v=E6EXlvhjWgQ,15K views,2 years ago,15000,2021-12-13
30+ String Manipulation Techniques in C#,https://www.youtube.com/watch?v=ioi__WRETk4,94K views,2 years ago,94000,2021-12-13
What Does A Software Architect Do?,https://www.youtube.com/watch?v=x0souHGurm8,43K views,2 years ago,43000,2021-12-13
What Is The C# Learning Path? What is the Correct Path for Learning C#?,https://www.youtube.com/watch?v=lOoue_yvSDs,39K views,2 years ago,39000,2021-12-13
User Registration in Blazor WebAssembly - A TimCo Retail Manager Video,https://www.youtube.com/watch?v=MAcc6wbHkY8,10K views,2 years ago,10000,2021-12-13
How Do I Make Passive Income on My App?,https://www.youtube.com/watch?v=F22xtZOLMcA,11K views,2 years ago,11000,2021-12-13
Do I Start a .NET 5 Project or Wait for the LTS?,https://www.youtube.com/watch?v=vJis4Vtk_Ps,10K views,2 years ago,10000,2021-12-13
How To Create Extension Methods in C#,https://www.youtube.com/watch?v=C_1DzspLy4Y,48K views,2 years ago,48000,2021-12-13
Is It OK To Be In Software Development For The Money?,https://www.youtube.com/watch?v=0N4Xf0ZexvQ,6.7K views,2 years ago,6700,2021-12-13
Creating Accounts in the API - A TimCo Retail Manager Video,https://www.youtube.com/watch?v=mfBipWvVZA8,7.5K views,2 years ago,7500,2021-12-13
What Are The Most Important Traits Of A Software Developer?,https://www.youtube.com/watch?v=7xZjNqnm92U,17K views,2 years ago,17000,2021-12-13
5 Cost-Saving Tips for Azure,https://www.youtube.com/watch?v=wMeoLA05uwI,13K views,2 years ago,13000,2021-12-13
What Are Some Career Tips For Self-Taught Developers?,https://www.youtube.com/watch?v=effnGzG7D0U,6.6K views,2 years ago,6600,2021-12-13
Better Authentication Controls in Blazor - A TimCo Retail Manager Video,https://www.youtube.com/watch?v=0dmSHb7lXuc,10K views,2 years ago,10000,2021-12-13
What Are The Pros and Cons Of Becoming A Consultant?,https://www.youtube.com/watch?v=hG4XEoDEJoo,4K views,2 years ago,4000,2021-12-13
Intro to MediatR - Implementing CQRS and Mediator Patterns,https://www.youtube.com/watch?v=yozD5Tnd8nw,193K views,2 years ago,193000,2021-12-13
Do I Need To Be A Generalist Or A Specialist?,https://www.youtube.com/watch?v=U5jiskXNxUM,9.9K views,2 years ago,9900,2021-12-13
Blazor WebAssembly Configuration - A TimCo Retail Manager Video,https://www.youtube.com/watch?v=bvPP8ElUVK0,7.2K views,2 years ago,7200,2021-12-13
Do I Have To End Up In Management As A Developer?,https://www.youtube.com/watch?v=0ajlta8n0Ws,6.8K views,2 years ago,6800,2021-12-13
Intro to Docker - A Tool Every Developer Should Know,https://www.youtube.com/watch?v=WcQ3-M4-jik,195K views,2 years ago,195000,2021-12-13
Blazor WebAssembly Login/Logout Forms - A TimCo Retail Manager Video,https://www.youtube.com/watch?v=usl2zJLzCJk,31K views,2 years ago,31000,2021-12-13
Which C# Web Application Type Should I use? MVC? Blazor? Razor Pages?,https://www.youtube.com/watch?v=YhojOiGjGvQ,132K views,2 years ago,132000,2021-12-13
.NET 5 Blazor WebAssembly Authentication Against an API- A TimCo Retail Manager Video,https://www.youtube.com/watch?v=2c4p6RGtkps,33K views,2 years ago,33000,2021-12-13
How Do I Cite My Code? How Do I Give Proper Attribution?,https://www.youtube.com/watch?v=RXaEzyudYuU,5.8K views,2 years ago,5800,2021-12-13
How Do I Do Data Access In Blazor? MVC? WPF?,https://www.youtube.com/watch?v=24iujm49y10,11K views,2 years ago,11000,2021-12-13
Building C# Applications with Cake - Make Your DevOps Process Better,https://www.youtube.com/watch?v=ZCA4CNloep8,21K views,2 years ago,21000,2021-12-13
How Do I Practice What I Am Learning? How Do I Come Up With Practice Applications?,https://www.youtube.com/watch?v=viigJ9NwJ2o,12K views,2 years ago,12000,2021-12-13
Blazor WebAssembly (and fixing DevOps bugs)- A TimCo Retail Manager Video,https://www.youtube.com/watch?v=7Hj9ULsF9bY,9.9K views,2 years ago,9900,2021-12-13
Is The Cloud Safe? Isn't My Data Safer Locally vs In Azure/AWS?,https://www.youtube.com/watch?v=ptLZrJplwgU,5K views,2 years ago,5000,2021-12-13
Sending Email in C# using FluentEmail,https://www.youtube.com/watch?v=qSeO9886nRM,82K views,2 years ago,82000,2021-12-13
How Do I Store Images In SQL? In Other Database Types?,https://www.youtube.com/watch?v=XnNbizvb1uM,68K views,2 years ago,68000,2021-12-13
New Forum and New Community Manager!,https://www.youtube.com/watch?v=dcknr7DqUdM,3.9K views,2 years ago,3900,2021-12-13
Upgrading to .NET 5 - A TimCo Retail Manager Video,https://www.youtube.com/watch?v=D6k-5aRmnQE,9.2K views,2 years ago,9200,2021-12-13
Should I Build a Desktop or Web Application?,https://www.youtube.com/watch?v=k_XuIw-ceqM,77K views,2 years ago,77000,2021-12-13
Creating Excel Files in C#,https://www.youtube.com/watch?v=j3S3aI8nMeE,112K views,2 years ago,112000,2021-12-13
How Do You Deal With Hard Days At Work?,https://www.youtube.com/watch?v=crpTDQeCzxY,6.7K views,2 years ago,6700,2021-12-13
Phase 3 Planning - A TimCo Retail Manager Video,https://www.youtube.com/watch?v=gApjIE1k8bQ,10K views,2 years ago,10000,2021-12-13
What Audio/Video Hardware and Software Do You Use To Record Videos?,https://www.youtube.com/watch?v=PJGSTLwl2nA,4.2K views,2 years ago,4200,2021-12-13
Testing Your C# Skills - Prove It Series,https://www.youtube.com/watch?v=bleT60nj528,19K views,2 years ago,19000,2021-12-13
How Do I Become a Microsoft MVP?,https://www.youtube.com/watch?v=bFxaoGdnd-c,16K views,2 years ago,16000,2021-12-13
10 C# Libraries To Save You Time And Energy,https://www.youtube.com/watch?v=uS0hRJqamfU,197K views,2 years ago,197000,2021-12-13
Are UML Diagrams Important for C# Developers?,https://www.youtube.com/watch?v=VZgsxw0Og6c,16K views,2 years ago,16000,2021-12-13
"How To Make 2021 Count - A learning path, 4 things to learn, and 4 to avoid",https://www.youtube.com/watch?v=fFT5o4paUek,33K views,2 years ago,33000,2021-12-13
What Certifications Are Best For C# Developers?,https://www.youtube.com/watch?v=t-BJkjtO68A,38K views,2 years ago,38000,2021-12-13
Intro to Azure Service Bus - The Power Behind Microservices,https://www.youtube.com/watch?v=v52yC9kq0Yg,120K views,2 years ago,120000,2021-12-13
How do I prevent the user from de-compiling my C# application?,https://www.youtube.com/watch?v=4JyCS4t-_sQ,31K views,2 years ago,31000,2021-12-13
Phase 2 Conclusion - A TimCo Retail Manager Video,https://www.youtube.com/watch?v=_PIclJfF9A4,6.9K views,2 years ago,6900,2021-12-13
What Setup Do You Recommend For a C# Developer? Computer? Software? Chair?,https://www.youtube.com/watch?v=BKgaWz0TaQk,30K views,3 years ago,30000,2020-12-13
"Blazor Improvements in .NET 5 - Browser Storage, Virtualization, and More",https://www.youtube.com/watch?v=Pm4LejeJkoU,55K views,3 years ago,55000,2020-12-13
When Should I Not Use a Third-Party Library In My Project?,https://www.youtube.com/watch?v=ha5vIDLu6Q0,9.6K views,3 years ago,9600,2020-12-13
Intro to HttpRepl - Test your .NET 5 WebAPI Easier,https://www.youtube.com/watch?v=Ef1rd9vlXig,18K views,3 years ago,18000,2020-12-13
How Do I Communicate What I Do To a Non-technical Boss?,https://www.youtube.com/watch?v=9y4tHgBU63E,7.1K views,3 years ago,7100,2020-12-13
"WebAPI Improvements in .NET 5 - OpenAPI, Better F5, and NSwag",https://www.youtube.com/watch?v=nY-w9wPFEuY,99K views,3 years ago,99000,2020-12-13
"Desktop Development Improvements in .NET 5 - WPF, WinForms, and ClickOnce",https://www.youtube.com/watch?v=STh8bjiz8Jg,54K views,3 years ago,54000,2020-12-13
Intro to Records in C# 9 - How To Use Records And When To Use Them,https://www.youtube.com/watch?v=9Byvwa9yF-I,131K views,3 years ago,131000,2020-12-13
How Do I Fight The Urge To Be Perfect? How Do I Know When I Am Done?,https://www.youtube.com/watch?v=b5TspWBQkMk,4.9K views,3 years ago,4900,2020-12-13
5 New Features in C# 9 (not including Records),https://www.youtube.com/watch?v=f0YeVirKPfw,79K views,3 years ago,79000,2020-12-13
"Big Changes in .NET 5, C# 9, and Visual Studio 2019 (v16.8)",https://www.youtube.com/watch?v=zjVgQNfAEOs,114K views,3 years ago,114000,2020-12-13
Should You Become a C# Consultant? When Are You Ready To Be a C# Consultant?,https://www.youtube.com/watch?v=4c0Emg9PU-g,6.5K views,3 years ago,6500,2020-12-13
Intro to Redis in C# - Caching Made Easy,https://www.youtube.com/watch?v=UrQWii_kfIE,160K views,3 years ago,160000,2020-12-13
Can You Succeed as a C# Developer Without a Degree?,https://www.youtube.com/watch?v=e4Aa1ZzDKTc,12K views,3 years ago,12000,2020-12-13
Updating Settings During Deployment - A TimCo Retail Manager Video,https://www.youtube.com/watch?v=b5Nc8fN-UN0,7K views,3 years ago,7000,2020-12-13
Does Age Matter In Development? How Old Is Too Old To Be A C# Developer?,https://www.youtube.com/watch?v=BaeHxxhc58A,14K views,3 years ago,14000,2020-12-13
Localization in Blazor Server - How To Change Languages and Cultures,https://www.youtube.com/watch?v=h82U0RQ9jtQ,32K views,3 years ago,32000,2020-12-13
How Do I Prevent Burnout As A Developer?,https://www.youtube.com/watch?v=T0v8KZapTOI,10K views,3 years ago,10000,2020-12-13
Adding AppSettings to WPF Core - A TimCo Retail Manager Video,https://www.youtube.com/watch?v=ASraHYMi808,17K views,3 years ago,17000,2020-12-13
How Do I Get Freelancing Clients? How Do I Start As A Freelancer?,https://www.youtube.com/watch?v=JSSfcXSiq1I,8.2K views,3 years ago,8200,2020-12-13
Intro to Health Checks in .NET Core,https://www.youtube.com/watch?v=Kbfto6Y2xdw,46K views,3 years ago,46000,2020-12-13
How Do I Keep Up With All Of The Changes In C#?,https://www.youtube.com/watch?v=yFYQH3uu63M,10K views,3 years ago,10000,2020-12-13
How Do You Estimate How Long a Project Will Take?,https://www.youtube.com/watch?v=o8ZErvkBeMw,15K views,3 years ago,15000,2020-12-13
Publishing the WPF Application - A TimCo Retail Manager Video,https://www.youtube.com/watch?v=L-9l7cGBKHI,14K views,3 years ago,14000,2020-12-13
How Do I Overcome the Fear of Being Fired?,https://www.youtube.com/watch?v=OOJ2eeWYY9o,15K views,3 years ago,15000,2020-12-13
"Intro to AppSettings in .NET Core - Appsettings.json, secrets.json, and more",https://www.youtube.com/watch?v=_2_qksdQKCE,122K views,3 years ago,122000,2020-12-13
What is Scope Creep? How Do You Prevent Scope Creep?,https://www.youtube.com/watch?v=QZPh9F634rg,8.2K views,3 years ago,8200,2020-12-13
What Do You Hate About C#? What Do You Wish C# Did Differently?,https://www.youtube.com/watch?v=Zs2nzRARwY8,23K views,3 years ago,23000,2020-12-13
CI/CD for SQL Databases (both SSDT and EF)- A TimCo Retail Manager Video,https://www.youtube.com/watch?v=TuHf0Ty80jA,22K views,3 years ago,22000,2020-12-13
What Should I Have In My Portfolio? What Makes For Good Portfolio Content?,https://www.youtube.com/watch?v=Q_11dKLFxPg,13K views,3 years ago,13000,2020-12-13
Picking a New MVVM Framework - Moving from Caliburn Micro,https://www.youtube.com/watch?v=8E000zu8UhQ,94K views,3 years ago,94000,2020-12-13
Caliburn Micro Is No Longer Being Maintained. Now What?,https://www.youtube.com/watch?v=sgG6kgd6SmE,12K views,3 years ago,12000,2020-12-13
New Course Announcement! Exploring C#: WebAssembly,https://www.youtube.com/watch?v=hImU2xGZ_uQ,7.7K views,3 years ago,7700,2020-12-13
Calling an Azure API in WPF - A TimCo Retail Manager Video,https://www.youtube.com/watch?v=hiW3dAOOMe0,7.6K views,3 years ago,7600,2020-12-13
How Do I Learn to Read Code? Why Should I Learn to Read Code?,https://www.youtube.com/watch?v=HwS35CVoswE,23K views,3 years ago,23000,2020-12-13
How Do I Manage My Time? Developer Time Management,https://www.youtube.com/watch?v=50CrQd9OJVU,17K views,3 years ago,17000,2020-12-13
".NET Core Console App with Dependency Injection, Logging, and Settings",https://www.youtube.com/watch?v=GAOCe-2nXqc,211K views,3 years ago,211000,2020-12-13
What Is The Best C# Book? What Is the Best C# Resource?,https://www.youtube.com/watch?v=OxoOB0QIhKA,59K views,3 years ago,59000,2020-12-13
Performing a Code Review During Setup- A TimCo Retail Manager Video,https://www.youtube.com/watch?v=cPfEX8GnwOA,8K views,3 years ago,8000,2020-12-13
Are Code Comments Important? Are Comments Bad? Is Code Self-Documenting?,https://www.youtube.com/watch?v=Q95aXcbSF0I,7.5K views,3 years ago,7500,2020-12-13
How Do I Become a Senior Developer? What Is the Difference Between a Junior and Senior Developer?,https://www.youtube.com/watch?v=wGUThGNC93I,69K views,3 years ago,69000,2020-12-13
How To Install Visual Studio 2019 (for Free),https://www.youtube.com/watch?v=G1-Zfr9-3zs,102K views,3 years ago,102000,2020-12-13
Can I Get a Job in C#? Should I Switch Languages? Is C# In Demand?,https://www.youtube.com/watch?v=TOhZQ77VA4w,47K views,3 years ago,47000,2020-12-13
The Singleton Design Pattern - Part of the Gang of Four,https://www.youtube.com/watch?v=ggqjVuJ0g_8,70K views,3 years ago,70000,2020-12-13
"Summer Update - Big Sale, A Podcast, and More!",https://www.youtube.com/watch?v=qK8_XyYpB50,3.9K views,3 years ago,3900,2020-12-13
Is It Better To Write Optimized Code or Readable Code? What is Good Code?,https://www.youtube.com/watch?v=DWTVUwihUk4,15K views,3 years ago,15000,2020-12-13
Connecting C# To MySQL Using Blazor (Full CRUD Actions),https://www.youtube.com/watch?v=_JxC6EUxbDo,78K views,3 years ago,78000,2020-12-13
How Do I Encrypt a Connection String? How Do I Protect My Settings in a Desktop Application?,https://www.youtube.com/watch?v=rFncI9yfY-E,58K views,3 years ago,58000,2020-12-13
How To Create a Progressive Web App with Blazor WebAssembly,https://www.youtube.com/watch?v=Ph9ReSnyGJc,65K views,3 years ago,65000,2020-12-13
How Do I Learn Design Patterns? Which Design Patterns Should I Know?,https://www.youtube.com/watch?v=Ao-uWfNKLtE,126K views,3 years ago,126000,2020-12-13
Intro to Blazor WebAssembly and How It Is Different from Blazor Server,https://www.youtube.com/watch?v=KOMo77bVKSw,115K views,3 years ago,115000,2020-12-13
How Do I Get a C# Developer Job? How Do I Prepare? Do I Need a Portfolio?,https://www.youtube.com/watch?v=JnTw3VBz3rg,96K views,3 years ago,96000,2020-12-13
What is the Future of .NET? Is .NET Framework Dead? Is .NET Core Dead?,https://www.youtube.com/watch?v=ZwxWCiW5uO4,141K views,3 years ago,141000,2020-12-13
Introduction to ASP.NET Core MVC in C# plus LOTS of Tips,https://www.youtube.com/watch?v=1ck9LIBxO14,319K views,3 years ago,319000,2020-12-13
How Do I Stop Feeling Like An Impostor? Conquering Impostor Syndrome,https://www.youtube.com/watch?v=b4GzbZhjE1A,39K views,3 years ago,39000,2020-12-13
Introduction to Dev Questions - Getting Your Questions Answered,https://www.youtube.com/watch?v=wR_puxAf5sw,14K views,3 years ago,14000,2020-12-13
Using HttpClient in .NET Core to Connect to APIs in C#,https://www.youtube.com/watch?v=cwgck1k0YKU,177K views,3 years ago,177000,2020-12-13
Clearing the Bug Backlog in Azure DevOps - A TimCo Retail Manager Video,https://www.youtube.com/watch?v=lEMpvVFIhgI,8.4K views,3 years ago,8400,2020-12-13
Continuous Deployment to Linux - A TimCo Retail Manager Video,https://www.youtube.com/watch?v=LUkHRSu3sJU,10K views,3 years ago,10000,2020-12-13
Top 5 Free Blazor Resources (plus a couple of extras),https://www.youtube.com/watch?v=i1Kric5tqYk,71K views,3 years ago,71000,2020-12-13
Multi-App Continuous Integration - A TimCo Retail Manager Video,https://www.youtube.com/watch?v=056ByxTxFVE,10K views,3 years ago,10000,2020-12-13
Blazor Server Components - Making Razor Components Easy to Use,https://www.youtube.com/watch?v=JE0tQ4tx0Nc,72K views,3 years ago,72000,2020-12-13
Continuous Integration Builds in Azure DevOps- A TimCo Retail Manager Video,https://www.youtube.com/watch?v=m-ju4JDz4uI,25K views,3 years ago,25000,2020-12-13
Deploying to Azure SQL Databases - A TimCo Retail Manager Video,https://www.youtube.com/watch?v=38Ha1OJ-i9k,32K views,3 years ago,32000,2020-12-13
Custom Project Templates in Visual Studio 2019,https://www.youtube.com/watch?v=DLLsmb7En_8,53K views,3 years ago,53000,2020-12-13
Deploying the ASP.NET Core API to Azure Web Apps - A TimCo Retail Manager Video,https://www.youtube.com/watch?v=DUfPaY6FRII,49K views,3 years ago,49000,2020-12-13
"MSIX Installer for Desktop Applications - Packaging WPF, WinForms, and UWP Applications",https://www.youtube.com/watch?v=4t2TI8ImwMY,110K views,3 years ago,110000,2020-12-13
Moving from GitHub to Azure DevOps - A TimCo Retail Manager Video,https://www.youtube.com/watch?v=bfh6OzZYakA,14K views,3 years ago,14000,2020-12-13
Intro to UWP (Universal Windows Platform) Apps in C#,https://www.youtube.com/watch?v=kP5snjYGef4,110K views,3 years ago,110000,2020-12-13
Using Azure DevOps Boards - A TimCo Retail Manager Video,https://www.youtube.com/watch?v=7i7UL3LVvhA,54K views,3 years ago,54000,2020-12-13
Implementing .NET Core Features - A TimCo Retail Manager Video,https://www.youtube.com/watch?v=BWnkHkF3RnU,16K views,3 years ago,16000,2020-12-13
Entity Framework Best Practices - Should EFCore Be Your Data Access of Choice?,https://www.youtube.com/watch?v=qkJ9keBmQWo,777K views,3 years ago,777000,2020-12-13
Reporting A Bug In Visual Studio - How To Be A Good Citizen To The Community,https://www.youtube.com/watch?v=uZ4Us-NIJNE,4.1K views,3 years ago,4100,2020-12-13
Planning Phase 2 - A TimCo Retail Manager Video,https://www.youtube.com/watch?v=j1Y8gbZxIyo,8.6K views,3 years ago,8600,2020-12-13
Intro to Blazor Server Side - Includes SQL Data Access and Best Practices,https://www.youtube.com/watch?v=8DNgdphLvag,307K views,3 years ago,307000,2020-12-13
15 Visual Studio Editor Tips including Intellicode and EditorConfig,https://www.youtube.com/watch?v=qv6ZflueASY,94K views,3 years ago,94000,2020-12-13
Creating Code Snippets in C# - Customize Visual Studio for Efficiency,https://www.youtube.com/watch?v=rn9p_K9J4yg,52K views,3 years ago,52000,2020-12-13
Intro to Azure Functions - What they are and how to create and deploy them,https://www.youtube.com/watch?v=zIfxkub7CLY,269K views,4 years ago,269000,2019-12-14
Custom Item Templates in Visual Studio,https://www.youtube.com/watch?v=3uYN3mDFP-o,39K views,4 years ago,39000,2019-12-14
Intro to ASP.NET Core Razor Pages - From Start to Published,https://www.youtube.com/watch?v=68towqYcQlY,335K views,4 years ago,335000,2019-12-14
Special Edition: Channel Recap and Answering Your Biggest Question,https://www.youtube.com/watch?v=Dmae4M142oA,6.9K views,4 years ago,6900,2019-12-14
Real-time Collaboration with Live Share in Visual Studio and VSCode,https://www.youtube.com/watch?v=SXbRu6XcyMY,37K views,4 years ago,37000,2019-12-14
C# Logging with Serilog and Seq - Structured Logging Made Easy,https://www.youtube.com/watch?v=_iryZxv8Rxw,191K views,4 years ago,191000,2019-12-14
Upgrading to .NET Core: WPF to .NET Core 3.0 - A TimCo Retail Manager video,https://www.youtube.com/watch?v=0pOclNaQE6E,12K views,4 years ago,12000,2019-12-14
Upgrading to .NET Core: Adding JWT Authentication to Our API - A TimCo Retail Manager video,https://www.youtube.com/watch?v=9QU_y7-VsC8,75K views,4 years ago,75000,2019-12-14
Upgrading to .NET Core: From WebAPI to ASP.NET Core API - A TimCo Retail Manager video,https://www.youtube.com/watch?v=iIUSHfFtWXY,30K views,4 years ago,30000,2019-12-14
Upgrading to .NET Core: Back-End Class Library - A TimCo Retail Manager Video,https://www.youtube.com/watch?v=4QVVqZcLj3I,12K views,4 years ago,12000,2019-12-14
Upgrading to .NET Core: Front-End Class Library - A TimCo Retail Manager Video,https://www.youtube.com/watch?v=P6AhsgvH3u8,15K views,4 years ago,15000,2019-12-14
Special Announcement - Upgrading to .NET Core in the TimCo Retail Manager,https://www.youtube.com/watch?v=xlJhEFH7iRQ,9K views,4 years ago,9000,2019-12-14
What's New in C# 8.0 - Is There Multi-Inheritance Now?,https://www.youtube.com/watch?v=2lUZ58Zyu3w,59K views,4 years ago,59000,2019-12-14
Managing User Roles - A TimCo Retail Manager Video,https://www.youtube.com/watch?v=qJyTzUozUHY,22K views,4 years ago,22000,2019-12-14
Intro to VSCode for C# Developers - From Installation to Debugging,https://www.youtube.com/watch?v=r5dtl9Uq9V0,301K views,4 years ago,301000,2019-12-14
Displaying Users and Groups/Roles - A TimCo Retail Manager Video,https://www.youtube.com/watch?v=u9c2q1Wqu6Q,12K views,4 years ago,12000,2019-12-14
"Intro to gRPC in C# - How To Get Started,",https://www.youtube.com/watch?v=QyxCX2GYHxk,213K views,4 years ago,213000,2019-12-14
User Permissions and Error Handling - A TimCo Retail Manager Video,https://www.youtube.com/watch?v=TNz31FmexKA,10K views,4 years ago,10000,2019-12-14
Worker Services in .NET Core 3.0 - The New Way to Create Services,https://www.youtube.com/watch?v=PzrTiz_NRKA,307K views,4 years ago,307000,2019-12-14
Adding Roles to the API - A TimCo Retail Manager Video,https://www.youtube.com/watch?v=uCWDyluPY8I,15K views,4 years ago,15000,2019-12-14
"Logging in .NET Core 3.0 and Beyond - Configuration, Setup, and More",https://www.youtube.com/watch?v=oXNslgIXIbQ,148K views,4 years ago,148000,2019-12-14
Admin Endpoints in WebAPI - A TimCo Retail Manager Video,https://www.youtube.com/watch?v=zI1FKKeTZ2A,14K views,4 years ago,14000,2019-12-14
SQL Transaction Bug Fix - A TimCo Retail Manager Video,https://www.youtube.com/watch?v=9sYZLgBxlXs,7.9K views,4 years ago,7900,2019-12-14
SQL Transactions in C# using Dapper - A TimCo Retail Manager Video,https://www.youtube.com/watch?v=QVkpzuiiVtw,35K views,4 years ago,35000,2019-12-14
.NET Core 3.0 Desktop Apps - Creating and Publishing WPF and WinForm Apps in .NET Core,https://www.youtube.com/watch?v=uc3tC6_mEvk,118K views,4 years ago,118000,2019-12-14
C# Debugging and Clean Up - A TimCo Retail Manager Video,https://www.youtube.com/watch?v=_lQTgZ9Hk-U,12K views,4 years ago,12000,2019-12-14
Creating NuGet Packages the easy way with .NET Standard in C#,https://www.youtube.com/watch?v=AF1y9gLcxjQ,93K views,4 years ago,93000,2019-12-14
Automapper and INotifyPropertyChanged - A TimCo Retail Manager Video,https://www.youtube.com/watch?v=V6TsOeOc2Z4,36K views,4 years ago,36000,2019-12-14
"VB.NET vs C# - A comparison of the two languages, how they are different, and where they are going",https://www.youtube.com/watch?v=BIcOgivodnM,94K views,4 years ago,94000,2019-12-14
Posting Sales Data to an API - A TimCo Retail Manager Video,https://www.youtube.com/watch?v=tuxO8xHiLWg,25K views,4 years ago,25000,2019-12-14
SQL Development Made Easy with Docker - Install SQL in 5 minutes or less!,https://www.youtube.com/watch?v=Yj69cWEG_Yo,62K views,4 years ago,62000,2019-12-14
Early Refactoring in C# - A TimCo Retail Manager Video,https://www.youtube.com/watch?v=sMPbsA7OTtM,15K views,4 years ago,15000,2019-12-14
WinForm vs WPF vs UWP vs Console - The C# Desktop UI Showdown (and the future with .NET 5),https://www.youtube.com/watch?v=yq0dSkA1vpM,254K views,4 years ago,254000,2019-12-14
"Modifying SQL, the API, and WPF to Add Taxes - A TimCo Retail Manager Video",https://www.youtube.com/watch?v=9icY-nTgpyo,14K views,4 years ago,14000,2019-12-14
"Random Numbers in C# - Best Practices, Pitfalls, and Clear Direction",https://www.youtube.com/watch?v=kW84q8WOBdU,79K views,4 years ago,79000,2019-12-14
Wire Up the WPF Shopping Cart - A TimCo Retail Manager Video,https://www.youtube.com/watch?v=6OyJit8y1BM,20K views,4 years ago,20000,2019-12-14
"Intro to MongoDB with C# - Learn what NoSQL is, why it is different than SQL and how to use it in C#",https://www.youtube.com/watch?v=69WBy4MHYUw,133K views,4 years ago,133000,2019-12-14
Display Product Data - A TimCo Retail Manager Video,https://www.youtube.com/watch?v=boDpqLwviQc,25K views,4 years ago,25000,2019-12-14
Event Aggregation in WPF - A TimCo Retail Manager Video,https://www.youtube.com/watch?v=70Dj9cnyu2g,28K views,4 years ago,28000,2019-12-14
Sales Page Creation - A TimCo Retail Manager Video,https://www.youtube.com/watch?v=I0M2ne00s5A,23K views,4 years ago,23000,2019-12-14
Getting User Data (Part 2) - A TimCo Retail Manager Video,https://www.youtube.com/watch?v=p6zMfK_B7a4,24K views,4 years ago,24000,2019-12-14
Getting User Data - A TimCo Retail Manager Video,https://www.youtube.com/watch?v=k6mbESq--eE,42K views,4 years ago,42000,2019-12-14
"Intro to Visual Studio 2019 - What's New, What's Better, and Why You Should Upgrade",https://www.youtube.com/watch?v=9V2En3Cnq6c,123K views,4 years ago,123000,2019-12-14
.NET Core vs .NET Framework - What's the difference?,https://www.youtube.com/watch?v=79UWvR734wI,636K views,4 years ago,636000,2019-12-14
Login Form Error Handling - A TimCo Retail Manager Video,https://www.youtube.com/watch?v=LboWn0cEWBU,26K views,4 years ago,26000,2019-12-14
Wire Up the WPF Login form to the API - A TimCo Retail Manager Video,https://www.youtube.com/watch?v=3eIc68VWxgE,50K views,4 years ago,50000,2019-12-14
WPF Login Form Creation - A TimCo Retail Manager Video,https://www.youtube.com/watch?v=7CkSJyZb6H0,70K views,4 years ago,70000,2019-12-14
SQL Database Table Creation - A TimCo Retail Manager Video,https://www.youtube.com/watch?v=RY-RRqYKzv4,38K views,4 years ago,38000,2019-12-14
Planning the Register - A TimCo Retail Manager Video,https://www.youtube.com/watch?v=SlqMfjQByEc,33K views,4 years ago,33000,2019-12-14
Dependency Injection in WPF - A TimCo Retail Manager Video,https://www.youtube.com/watch?v=Q5ciBOoMt8U,61K views,4 years ago,61000,2019-12-14
WPF with MVVM Project Setup - A TimCo Retail Manager Video,https://www.youtube.com/watch?v=p-fmOJMLl0A,62K views,4 years ago,62000,2019-12-14
SQL Database Project - A TimCo Retail Manager Video,https://www.youtube.com/watch?v=YnW7e-x0ElM,51K views,4 years ago,51000,2019-12-14
Configuring Swagger in WebAPI - A TimCo Retail Manager Video,https://www.youtube.com/watch?v=zQRgB6nasUc,113K views,4 years ago,113000,2019-12-14
Creating a WebAPI with Authentication - A TimCo Retail Manager Video,https://www.youtube.com/watch?v=_LdiqQ13NBo,237K views,4 years ago,237000,2019-12-14
Setting Up a GitHub Repository - A TimCo Retail Manager Video,https://www.youtube.com/watch?v=TDuG1WU3GvM,80K views,4 years ago,80000,2019-12-14
TimCo Retail Manager Course Introduction - A full start to finish course,https://www.youtube.com/watch?v=Xtt6mS0p2_c,205K views,4 years ago,205000,2019-12-14
C# Advice and What is Coming in 2019,https://www.youtube.com/watch?v=3th4jaSGyMs,14K views,4 years ago,14000,2019-12-14
"Intro to Azure DevOps - Source Control, CI/CD, Automation, and more",https://www.youtube.com/watch?v=H-R2bCXfz8I,392K views,4 years ago,392000,2019-12-14
Fluent Validation in C# - The Powerful Yet Easy Data Validation Tool,https://www.youtube.com/watch?v=Zh1ccvTFzs8,124K views,5 years ago,124000,2018-12-14
"Intro to Windows Services in C# - How to create, install, and use a service using Topshelf",https://www.youtube.com/watch?v=y64L-3HKuP0,179K views,5 years ago,179000,2018-12-14
Working With The File System in C# - Managing Folders and Files,https://www.youtube.com/watch?v=9mUuJIKq40M,163K views,5 years ago,163000,2018-12-14
"Advanced Dapper in C# - SQL Transactions, Mulitple DataSets, UDTs, and more",https://www.youtube.com/watch?v=eKkh5Xm0OlU,165K views,5 years ago,165000,2018-12-14
ASP.NET MVC Data Access in C# - The complete data path from database to display and back,https://www.youtube.com/watch?v=bIiEv__QNxw,330K views,5 years ago,330000,2018-12-14
"SQL Data Tools In C# - Database Creation, Management, and Deployment in Visual Studio",https://www.youtube.com/watch?v=ijDcHGxyqE4,172K views,5 years ago,172000,2018-12-14
"C# Desktop App Deployment with Squirrel - Easier than MSI Files, Better than ClickOnce",https://www.youtube.com/watch?v=W8Qu4qMJyh4,103K views,5 years ago,103000,2018-12-14
Design Patterns: Don't Repeat Yourself in C#,https://www.youtube.com/watch?v=dhnsegiPXoo,158K views,5 years ago,158000,2018-12-14
Intro to Bootstrap in ASP.NET MVC,https://www.youtube.com/watch?v=vRqz_zUiJTw,127K views,5 years ago,127000,2018-12-14
WPF Controls with MVVM: DataGrid,https://www.youtube.com/watch?v=zvyQNuuTqks,161K views,5 years ago,161000,2018-12-14
WPF Controls with MVVM: ItemsControl,https://www.youtube.com/watch?v=EPhJz7CHnuQ,79K views,5 years ago,79000,2018-12-14
WPF Controls with MVVM: ComboBox,https://www.youtube.com/watch?v=nKJ_XDoAdtY,99K views,5 years ago,99000,2018-12-14
"How To Call An API in C# - Examples, Best Practices, Memory Management, and Pitfalls",https://www.youtube.com/watch?v=aWePkE2ReGw,420K views,5 years ago,420000,2018-12-14
How To Deploy a ASP.NET Website to IIS or Azure,https://www.youtube.com/watch?v=PPaqVyBkwMk,245K views,5 years ago,245000,2018-12-14
Top 10 Hidden Gems in Visual Studio - Speed Up Development Without Increasing Your Costs,https://www.youtube.com/watch?v=xWcQhF-1hxA,105K views,5 years ago,105000,2018-12-14
Updating Microsoft Documentation - Contributing to Open Source the Easy Way,https://www.youtube.com/watch?v=-6O4c7U41iI,4.9K views,5 years ago,4900,2018-12-14
"C# Abstract Classes - What They Are, How to Use Them, and Best Practices",https://www.youtube.com/watch?v=jRkmPRk5j2E,159K views,5 years ago,159000,2018-12-14
Mocking in C# Unit Tests - How To Test Data Access Code and More,https://www.youtube.com/watch?v=DwbYxP-etMY,276K views,5 years ago,276000,2018-12-14
C# Dependency Injection with Autofac,https://www.youtube.com/watch?v=mCUNrRtVVWY,284K views,5 years ago,284000,2018-12-14
"C# Access Modifiers (beyond public and private) - what they are, how to use them, and best practices",https://www.youtube.com/watch?v=jcn5uCZAk2w,213K views,5 years ago,213000,2018-12-14
"Using SQLite in C# - Building Simple, Powerful, Portable Databases for Your Application",https://www.youtube.com/watch?v=ayp3tHEkRc0,288K views,5 years ago,288000,2018-12-14
Refactoring in C# - Improving an Existing Application,https://www.youtube.com/watch?v=G1S6NZfFvOg,64K views,5 years ago,64000,2018-12-14
"Delegates in C# - A practical demonstration, including Action and Func",https://www.youtube.com/watch?v=R8Blt5c-Vi4,293K views,5 years ago,293000,2018-12-14
Debugging in C# - Finding and Fixing Problems in Your Application,https://www.youtube.com/watch?v=d6IYH8Ro9aI,66K views,5 years ago,66000,2018-12-14
C# Events - Creating and Consuming Events in Your Application,https://www.youtube.com/watch?v=-1cftB9q1kQ,173K views,5 years ago,173000,2018-12-14
"C# Generics - What they are, why they are useful, and how to create them",https://www.youtube.com/watch?v=l6s7AvZx5j8,244K views,5 years ago,244000,2018-12-14
"Interfaces in C# - What they are, how to use them, and why they are so powerful.",https://www.youtube.com/watch?v=A7qwuFnyIpM,426K views,5 years ago,426000,2018-12-14
Design Patterns: Dependency Inversion Principle Explained Practically in C# (The D in SOLID),https://www.youtube.com/watch?v=NnZZMkwI6KI,235K views,5 years ago,235000,2018-12-14
Design Patterns: Interface Segregation Principle Explained Practically in C# (The I in SOLID),https://www.youtube.com/watch?v=y1JiMGP51NE,118K views,5 years ago,118000,2018-12-14
Design Patterns: Liskov Substitution Principle Explained Practically in C# (The L in SOLID),https://www.youtube.com/watch?v=-3UXq2krhyw,176K views,5 years ago,176000,2018-12-14
Design Patterns: Open Closed Principle Explained Practically in C# (The O in SOLID),https://www.youtube.com/watch?v=VFlk43QGEgc,203K views,5 years ago,203000,2018-12-14
Design Patterns: Single Responsibility Principle Explained Practically in C# (The S in SOLID),https://www.youtube.com/watch?v=5RwhyZnVRS8,272K views,5 years ago,272000,2018-12-14
How to Get Help Online as a Software Developer,https://www.youtube.com/watch?v=OWQx4HSd14A,15K views,5 years ago,15000,2018-12-14
Intro to Unit Testing in C# using XUnit,https://www.youtube.com/watch?v=ub3P8c87cwk,387K views,5 years ago,387000,2018-12-14
"Handling Exceptions in C# - When to catch them, where to catch them, and how to catch them",https://www.youtube.com/watch?v=LSkbnpjCEkk,161K views,5 years ago,161000,2018-12-14
Top 10 Free Tools from Microsoft (plus bonuses),https://www.youtube.com/watch?v=Nv7dgr4oZYA,40K views,5 years ago,40000,2018-12-14
C# ASP.NET MVC Authentication - Logging in locally or with OAuth (using Twitter) credentials,https://www.youtube.com/watch?v=kpSwmLlMu9E,206K views,5 years ago,206000,2018-12-14
"C# Advanced Async - Getting progress reports, cancelling tasks, and more",https://www.youtube.com/watch?v=ZTKGRJy5P2M,276K views,5 years ago,276000,2018-12-14
C# Async / Await - Make your app more responsive and faster with asynchronous programming,https://www.youtube.com/watch?v=2moh18sh5p4,950K views,5 years ago,950000,2018-12-14
Intro to WebAPI - One of the most powerful project types in C#,https://www.youtube.com/watch?v=vN9NRqv7xmY,709K views,6 years ago,709000,2017-12-14
C# App Start To Finish Lesson 27 - Wrapping Up (The Final Lesson),https://www.youtube.com/watch?v=Xt9vke5ic94,30K views,6 years ago,30000,2017-12-14
C# App Start To Finish Lesson 26 - Emailing Users,https://www.youtube.com/watch?v=dSXxLyNd2tw,13K views,6 years ago,13000,2017-12-14
C# App Start To Finish Lesson 25 - Error Handling,https://www.youtube.com/watch?v=uFz51uX8RLY,9.9K views,6 years ago,9900,2017-12-14
"SQL Stored Procedures - What They Are, Best Practices, Security, and More...",https://www.youtube.com/watch?v=Sggdhot-MoM,490K views,6 years ago,490000,2017-12-14
C# App Start To Finish Lesson 24 - Refactoring,https://www.youtube.com/watch?v=UPKphrPJZxE,12K views,6 years ago,12000,2017-12-14
C# App Start To Finish Lesson 23 - Tournament Viewer Part 2,https://www.youtube.com/watch?v=AYuppLBoZeg,12K views,6 years ago,12000,2017-12-14
C# App Start To Finish Lesson 22 - Tournament Viewer Part 1,https://www.youtube.com/watch?v=mg7TlkPgq2Y,14K views,6 years ago,14000,2017-12-14
C# App Start To Finish Lesson 21 - Dashboard Form,https://www.youtube.com/watch?v=IOo1ZFtPOBI,15K views,6 years ago,15000,2017-12-14
C# App Start To Finish Lesson 20 - Debugging,https://www.youtube.com/watch?v=Dh4wa7HuXnk,13K views,6 years ago,13000,2017-12-14
C# App Start To Finish Lesson 19 - Create Tournament Form Part 5,https://www.youtube.com/watch?v=rm1Avf5XJw8,28K views,6 years ago,28000,2017-12-14
WPF in C# with MVVM using Caliburn Micro,https://www.youtube.com/watch?v=laPFq3Fhs8k,348K views,6 years ago,348000,2017-12-14
C# App Start To Finish Lesson 18 - Create Tournament Form Part 4,https://www.youtube.com/watch?v=i5IAClElyBQ,15K views,6 years ago,15000,2017-12-14
C# App Start To Finish Lesson 17 - Create Tournament Form Part 3,https://www.youtube.com/watch?v=bpPBPi4laEM,17K views,6 years ago,17000,2017-12-14
"C# Database Connection Strings - What They Are, How to Build Them, And More",https://www.youtube.com/watch?v=weE1CwfS9rI,65K views,6 years ago,65000,2017-12-14
Dynamic Vs Var in C#,https://www.youtube.com/watch?v=UntC0hoeGAQ,60K views,6 years ago,60000,2017-12-14
C# App Start To Finish Lesson 16 - Create Tournament Form Part 2,https://www.youtube.com/watch?v=rS734DJL6zM,15K views,6 years ago,15000,2017-12-14
C# App Start To Finish Lesson 15 - Create Tournament Form Part 1,https://www.youtube.com/watch?v=gpCrmbZR9yE,19K views,6 years ago,19000,2017-12-14
C# App Start To Finish Lesson 14 - Create Team Form Part 3,https://www.youtube.com/watch?v=RBfY446QN_A,19K views,6 years ago,19000,2017-12-14
"Intro to .NET Standard - What it is, when to use it, and how it is different than the .NET Framework",https://www.youtube.com/watch?v=Ph_jSGq6vIA,48K views,6 years ago,48000,2017-12-14
C# App Start To Finish Lesson 13 - Create Team Form Part 2,https://www.youtube.com/watch?v=QTdfiZpoabk,21K views,6 years ago,21000,2017-12-14
"Introduction to ASP.NET MVC in C#:  Basics, Advanced Topics, Tips, Tricks, Best Practices, and More",https://www.youtube.com/watch?v=phyV-OQNeRM,845K views,6 years ago,845000,2017-12-14
C# App Start To Finish Lesson 12 - Create Team Form Part 1,https://www.youtube.com/watch?v=AB0MJkbFEYg,27K views,6 years ago,27000,2017-12-14
C# App Start To Finish Lesson 11 - Text Connection,https://www.youtube.com/watch?v=X_P70uukPrU,29K views,6 years ago,29000,2017-12-14
C# App Start To Finish Lesson 10 - SQL Connection,https://www.youtube.com/watch?v=WGbTM198-eA,50K views,6 years ago,50000,2017-12-14
C# App Start To Finish Lesson 09 - Prize Form Wire Up,https://www.youtube.com/watch?v=5oHfcyrlHeE,58K views,6 years ago,58000,2017-12-14
WPF Controls: Learn basic WPF controls in C#,https://www.youtube.com/watch?v=-zM486rVopk,170K views,6 years ago,170000,2017-12-14
C# App Start To Finish Lesson 08 - SQL Database Design,https://www.youtube.com/watch?v=6ixfTsrhPgM,70K views,6 years ago,70000,2017-12-14
Intro to WPF: Learn the basics and best practices of WPF for C#,https://www.youtube.com/watch?v=gSfMNjWNoX0,784K views,6 years ago,784000,2017-12-14
C# App Start To Finish Lesson 07 - Form Building,https://www.youtube.com/watch?v=h8HknjkQ9SI,72K views,6 years ago,72000,2017-12-14
C# App Start To Finish Lesson 06 - Class Library Creation,https://www.youtube.com/watch?v=GPlgjb6AXDw,97K views,6 years ago,97000,2017-12-14
C# App Start To Finish Lesson 05 - Logic Planning,https://www.youtube.com/watch?v=6KY6uv7avas,48K views,6 years ago,48000,2017-12-14
C# App Start To Finish Lesson 04 - User Interface Design,https://www.youtube.com/watch?v=3I21T3DSN5I,63K views,6 years ago,63000,2017-12-14
C# App Start To Finish Lesson 03 - Data Design,https://www.youtube.com/watch?v=I-lO-JhXrFQ,69K views,6 years ago,69000,2017-12-14
Top 5 C# 7.0 Features in Visual Studio 2017,https://www.youtube.com/watch?v=E_p8H3SVCtY,53K views,6 years ago,53000,2017-12-14
C# App Start To Finish Lesson 02 - Overview Planning,https://www.youtube.com/watch?v=VxOd_F-7C64,66K views,6 years ago,66000,2017-12-14
C# App Start To Finish Lesson 01 - Initial Planning,https://www.youtube.com/watch?v=YF-3SpIGkYM,92K views,6 years ago,92000,2017-12-14
Complete Course: Creating a Complete C# Application from Start to Finish,https://www.youtube.com/watch?v=HalXZUHfKLA,214K views,6 years ago,214000,2017-12-14
How to connect C# to SQL (the easy way),https://www.youtube.com/watch?v=Et2khGnrIqc,1M views,6 years ago,1000000,2017-12-14
"C# Essentials: Linq for Lists - Sorting, Filtering, and Aggregating Lists Easily",https://www.youtube.com/watch?v=yClSNQdVD7g,252K views,6 years ago,252000,2017-12-14
Top 10 C# Best Practices (plus bonuses),https://www.youtube.com/watch?v=-9b8NRqjUFM,503K views,6 years ago,503000,2017-12-14
C# Debugging: Breakpoints,https://www.youtube.com/watch?v=_YoKJwSzZOg,45K views,7 years ago,45000,2016-12-14
C# Data Access: Text Files,https://www.youtube.com/watch?v=cST5TT3OFyg,261K views,7 years ago,261000,2016-12-14
The log4net Tutorial: Logging in C# (hands-on from beginner to advanced),https://www.youtube.com/watch?v=2lAdQ_QwNww,215K views,8 years ago,215000,2015-12-15
C# Tips: Emailing a Project,https://www.youtube.com/watch?v=kFZGq5etfMw,37K views,8 years ago,37000,2015-12-15
Git Tutorial for Beginners: A Quick Start Guide,https://www.youtube.com/watch?v=ugN-IYV1NTM,183K views,9 years ago,183000,2014-12-15
Creating a C# Application: From idea to finished product,https://www.youtube.com/watch?v=YxewTI4H2mY,817K views,9 years ago,817000,2014-12-15
